review,label
"Service impeccable, livraison rapide, je recommande.",positive
Produit cassé à l'arrivée et aucune réponse du service client.,negative
"Très bon rapport qualité prix, conforme à la description.",positive
"Commande jamais reçue, remboursement toujours en attente.",negative
Le film est long mais les acteurs sont excellents.,positive
"Ennuyeux du début à la fin, je me suis endormi.",negative
"Emballage soigné, produit fidèle aux photos.",positive
"Taille trop petite et retour payant, déçu.",negative
"Interface simple, prise en main en cinq minutes.",positive
Application qui plante à chaque ouverture depuis la mise à jour.,negative
"Livraison en avance, article bien protégé, rien à redire.",positive
Trois semaines d'attente pour un article indisponible.,negative
Le scénario tient en haleine jusqu'à la dernière minute.,positive
"Dialogues plats, personnages sans épaisseur, je déconseille.",negative
"Matériau solide, finitions propres, je rachèterai.",positive
"Se casse au bout de deux utilisations, qualité médiocre.",negative
"Le vendeur a répondu en moins d'une heure, très pro.",positive
"Impossible de joindre quelqu'un, numéro toujours occupé.",negative
Photographie magnifique et bande son remarquable.,positive
"Deux heures perdues, aucun intérêt.",negative
"Conforme à mes attentes, bon achat pour ce prix.",positive
Facture erronée et aucun geste commercial.,negative
"Installation facile, notice claire, tout a fonctionné du premier coup.",positive
"Notice incompréhensible, pièces manquantes dans le carton.",negative
"Un vrai coup de cœur, je le recommande autour de moi.",positive
Le produit ne correspond pas du tout à la photo.,negative
"Excellent suivi de commande, notifications à chaque étape.",positive
Remboursement refusé malgré un article défectueux.,negative
"Léger, pratique, exactement ce que je cherchais.",positive
"Bruyant, lent, et la garantie ne couvre rien.",negative
